0.00787,-1.999983
0.035641,-1.999983
0.070376,-1.999984
0.11205,-1.999984
0.160758,-1.999984
0.216359,-1.999985
0.279968,-1.999986
0.347436,-1.999986
0.4225,-1.999987
0.503536,-1.999988
0.589973,-1.999988
0.681608,-1.999989
0.778279,-1.99999
0.87983,-1.999991
0.986108,-1.999992
1.096965,-1.999993
1.212259,-1.999995
1.33185,-1.999996
1.455605,-1.999997
1.583382,-1.999999
1.715018,-2
1.850345,-2.000002
1.989031,-2.000003
2.13086,-2.000005
2.275566,-2.000007
2.422981,-2.000009
2.572987,-2.000012
2.725468,-2.000014
2.880347,-2.000017
3.037549,-2.000019
3.197002,-2.000022
3.358638,-2.000032
3.522375,-2.000151
3.687934,-2.000576
3.855308,-2.00161
4.024488,-2.003354
4.195436,-2.005752
4.368167,-2.008587
4.556514,-2.01182
4.711611,-2.01441
4.896222,-2.017158
5.074572,-2.019478
5.253432,-2.021546
5.432749,-2.023722
5.612728,-2.025794
5.793428,-2.027762
5.978514,-2.029673
6.160796,-2.031516
6.343333,-2.033586
6.522697,-2.035613
6.706217,-2.037731
6.893877,-2.039909
7.074584,-2.042016
7.259347,-2.044169
7.448179,-2.046365
7.629951,-2.048471
7.815769,-2.050619
8.001915,-2.052768
8.188373,-2.054922
8.375085,-2.057078
8.562028,-2.059237
8.749193,-2.061398
8.936574,-2.063562
9.124165,-2.065728
9.311959,-2.067896
9.49995,-2.070067
9.68813,-2.07224
9.876496,-2.074414
10.06504,-2.076591
10.253757,-2.07877
10.442642,-2.08095
10.631689,-2.083132
10.820894,-2.085317
11.010236,-2.087502
11.199663,-2.089689
11.389151,-2.091876
11.58244,-2.094107
11.768141,-2.09625
11.957573,-2.098437
12.146945,-2.100623
12.336258,-2.102808
12.525514,-2.104992
12.714716,-2.107176
12.903864,-2.10936
13.09296,-2.111542
13.282006,-2.113724
13.471004,-2.115906
13.659955,-2.118087
13.848861,-2.120268
14.037722,-2.122448
14.226541,-2.124627
14.415318,-2.126806
14.604055,-2.128985
14.792754,-2.131163
14.981415,-2.133341
15.173811,-2.135562
15.358628,-2.137695
15.545977,-2.139858
15.728049,-2.14196
15.904661,-2.144004
16.075985,-2.146002
16.242188,-2.147971
16.403429,-2.149928
16.561053,-2.151896
16.719198,-2.153925
16.878189,-2.156013
17.037999,-2.15815
17.19859,-2.160324
17.359888,-2.162523
17.521853,-2.164739
17.684413,-2.166967
17.847546,-2.169205
18.011234,-2.17145
18.178748,-2.173747
18.343503,-2.176006
18.508763,-2.17827
18.67451,-2.180541
18.84073,-2.182819
19.004066,-2.185056
19.171123,-2.187345
19.338542,-2.189639
19.506314,-2.191938
19.674427,-2.194241
19.846242,-2.196595
20.015012,-2.198908
20.184091,-2.201225
20.353471,-2.203545
20.526538,-2.205917
20.689692,-2.208152
20.859912,-2.210485
21.030396,-2.212821
21.201137,-2.21516
21.372126,-2.217503
21.543356,-2.219849
21.714819,-2.222199
21.886508,-2.224551
22.068736,-2.227049
22.230535,-2.229266
22.402558,-2.231623
22.570633,-2.233926
22.733686,-2.23616
22.891873,-2.238326
23.045346,-2.240424
23.194254,-2.242454
23.341582,-2.244457
23.481695,-2.246355
23.617659,-2.248191
23.749603,-2.24997
23.875129,-2.251659
23.99948,-2.253331
24.122552,-2.254986
24.237325,-2.256529
24.351043,-2.258057
24.461436,-2.259542
24.568608,-2.260983
24.674708,-2.26241
24.773685,-2.263742
24.871783,-2.265061
24.967043,-2.266342
25.059554,-2.267587
25.152249,-2.268833
25.248035,-2.270122
25.346821,-2.27145
25.448557,-2.272819
25.555533,-2.274257
25.661394,-2.275681
25.774801,-2.277206
25.889152,-2.278744
26.004166,-2.28029
26.124442,-2.281908
26.250102,-2.283597
26.373661,-2.285259
26.502524,-2.286991
26.63411,-2.28876
26.768334,-2.290565
26.905113,-2.292404
27.044367,-2.294275
27.18602,-2.296179
27.329997,-2.298115
27.476224,-2.30008
27.624632,-2.302074
27.775152,-2.304096
27.927719,-2.306146
28.088491,-2.308306
28.241888,-2.310367
28.400256,-2.312494
28.560426,-2.314645
28.725596,-2.316864
28.882658,-2.318973
29.04787,-2.321192
29.214456,-2.323428
29.377892,-2.325623
29.536451,-2.327752
29.690285,-2.329818
29.83954,-2.331822
29.984361,-2.333767
30.124886,-2.335654
30.261248,-2.337487
30.393578,-2.339266
30.522002,-2.340993
30.646641,-2.342669
30.767614,-2.344296
30.888288,-2.34592
31.012002,-2.347584
31.138669,-2.349288
31.268195,-2.351031
31.400492,-2.352811
31.535474,-2.354627
31.673056,-2.356477
31.813156,-2.358362
31.955698,-2.36028
32.100604,-2.362229
32.2478,-2.364209
32.397216,-2.366219
32.551833,-2.368299
32.702428,-2.370325
32.858094,-2.372419
33.018886,-2.374582
33.175438,-2.376688
33.337509,-2.378869
33.501883,-2.38108
33.668489,-2.383321
33.837257,-2.385592
34.00812,-2.38789
34.181012,-2.390216
34.35587,-2.392569
34.532632,-2.394947
34.71124,-2.39735
34.891635,-2.399777
35.073761,-2.402227
35.257565,-2.4047
35.442995,-2.407195
35.629998,-2.409711
35.818528,-2.412247
36.008534,-2.414804
36.203816,-2.417431
36.392798,-2.419974
36.586966,-2.422586
36.782036,-2.42521
36.972835,-2.427777
37.157903,-2.430267
37.337418,-2.432682
37.511554,-2.435025
37.680477,-2.437298
37.844352,-2.439502
38.003336,-2.441641
38.157581,-2.443715
38.307235,-2.445728
38.452442,-2.447681
38.59334,-2.449577
38.730065,-2.451416
38.862746,-2.4532
38.991509,-2.454932
39.116478,-2.456613
39.23777,-2.458244
39.3555,-2.459828
39.46978,-2.461365
39.580716,-2.462857
39.688415,-2.464306
39.792975,-2.465712
39.89449,-2.467078
39.99304,-2.468403
40.088701,-2.46969
40.18502,-2.470985
40.283509,-2.47231
40.386475,-2.473695
40.49393,-2.47514
40.608129,-2.476676
40.719744,-2.478178
40.840141,-2.479797
40.964624,-2.481472
41.093064,-2.483199
41.225338,-2.484978
41.364084,-2.486844
41.503746,-2.488723
41.646933,-2.490649
41.793546,-2.492621
41.943479,-2.494637
42.093533,-2.496655
42.249735,-2.498756
42.408957,-2.500897
42.571104,-2.503078
42.736086,-2.505296
42.903813,-2.507552
43.074201,-2.509843
43.247165,-2.512169
43.422626,-2.514528
43.600506,-2.516919
43.780728,-2.519342
43.963221,-2.521795
44.147913,-2.524278
44.334734,-2.526789
44.52362,-2.529328
44.714506,-2.531893
44.907328,-2.534485
45.105939,-2.537154
45.302492,-2.539795
45.496821,-2.542406
45.696805,-2.545093
45.898442,-2.547802
46.101681,-2.550532
46.306471,-2.553281
46.512763,-2.556039
46.720512,-2.558787
46.929672,-2.561508
47.140199,-2.564192
47.352051,-2.566828
47.569462,-2.569454
47.779565,-2.571903
47.995148,-2.574321
48.212188,-2.576479
48.432236,-2.57881
48.645492,-2.581034
48.864739,-2.583242
49.086898,-2.585564
49.301433,-2.58767
49.52163,-2.589586
49.742428,-2.59111
49.959279,-2.592272
50.174741,-2.5927
50.39838,-2.59314
50.620539,-2.592919
50.843373,-2.592351
51.071458,-2.591486
51.290463,-2.590107
51.51585,-2.587899
51.739756,-2.585034
51.964585,-2.581679
52.189852,-2.578042
52.415713,-2.573838
52.642641,-2.568879
52.869573,-2.563083
53.097392,-2.556871
53.32331,-2.550577
53.551472,-2.543734
53.780285,-2.536634
54.009731,-2.529334
54.239638,-2.521704
54.468872,-2.513407
54.699752,-2.50424
54.929272,-2.49478
55.159489,-2.48473
55.390062,-2.474325
55.621121,-2.463293
55.853039,-2.451606
56.084961,-2.439047
56.334367,-2.424968
56.54695,-2.41246
56.779113,-2.398323
57.011739,-2.383706
57.244687,-2.367781
57.477946,-2.350878
57.711155,-2.33332
57.944403,-2.315322
58.177196,-2.29649
58.410426,-2.276749
58.643894,-2.256212
58.87777,-2.234717
59.112188,-2.212298
59.346526,-2.188738
59.578903,-2.164385
59.812995,-2.138716
60.042695,-2.112564
60.28224,-2.084438
60.517356,-2.055975
60.751591,-2.02657
60.987458,-1.995725
61.220948,-1.964744
61.451277,-1.933433
61.674455,-1.902792
61.89059,-1.872752
62.10078,-1.843022
62.304281,-1.813775
62.502102,-1.784684
62.69505,-1.755687
62.890838,-1.726909
63.088189,-1.698139
63.291038,-1.66943
63.487269,-1.64207
63.688579,-1.614252
63.890514,-1.586408
64.094678,-1.558838
64.298213,-1.531746
64.503521,-1.504481
64.709978,-1.477225
64.921851,-1.4492
65.126652,-1.421904
65.336815,-1.39379
65.547701,-1.365094
65.757475,-1.336455
65.969068,-1.307138
66.181939,-1.277186
66.400123,-1.246216
66.614939,-1.215242
66.830522,-1.183731
67.04568,-1.15139
67.262128,-1.118181
67.478296,-1.084101
67.690787,-1.050157
67.908185,-1.014795
68.126287,-0.978377
68.345476,-0.940934
68.564602,-0.902305
68.788423,-0.861937
69.006547,-0.822211
69.222301,-0.781526
69.469744,-0.733821
69.669119,-0.694319
69.886663,-0.650415
70.108323,-0.604862
70.331098,-0.558041
70.552657,-0.51065
70.774758,-0.46189
70.997158,-0.412205
71.219982,-0.361372
71.44342,-0.309357
71.666735,-0.25625
71.889715,-0.202538
72.111801,-0.147752
72.335044,-0.091484
72.558176,-0.034216
72.775921,0.022574
72.986719,0.078451
73.190411,0.133722
73.389495,0.188325
73.581091,0.240932
73.770489,0.294053
73.965127,0.349252
74.153266,0.40305
74.34676,0.458733
74.541665,0.514959
74.737396,0.571636
74.933527,0.628264
75.130331,0.685211
75.328968,0.74252
75.528912,0.800249
75.734047,0.859538
75.93201,0.91681
76.134259,0.975541
76.338892,1.035248
76.542181,1.094348
76.746954,1.153936
76.952748,1.213651
77.159503,1.273646
77.367149,1.334081
77.580119,1.396212
77.785333,1.456609
77.99342,1.518065
78.203025,1.580079
78.413697,1.642176
78.62533,1.704466
78.837709,1.766864
79.050785,1.829322
79.263626,1.892097
79.477192,1.954879
79.690752,2.018116
79.904991,2.082133
80.119746,2.146783
80.33504,2.212141
80.551171,2.27824
80.767304,2.345082
80.982405,2.41174
81.202384,2.480279
81.419022,2.548292
81.636285,2.616779
81.853904,2.68587
82.067456,2.754105
82.284786,2.824544
82.502256,2.895854
82.719266,2.968144
82.936519,3.041046
83.153859,3.114578
83.371422,3.189168
83.593796,3.266294
83.80755,3.341419
84.023514,3.417761
84.241137,3.495474
84.459155,3.574061
84.677672,3.653374
84.896451,3.73342
85.114844,3.813899
85.334214,3.896016
85.551591,3.978238
85.769303,4.061305
85.987061,4.144836
86.209165,4.230749
86.422957,4.31439
86.640565,4.400572
86.85831,4.487558
87.074212,4.574468
87.291555,4.662926
87.509218,4.752151
87.727219,4.842088
87.94534,4.932643
88.162609,5.023921
88.380152,5.116126
88.596701,5.208863
88.813366,5.302067
89.03006,5.395604
89.246739,5.489889
89.463656,5.585213
89.680623,5.68146
89.895476,5.777528
90.112032,5.874732
90.328801,5.972589
90.545931,6.071114
90.763225,6.1702
90.979772,6.2697
91.197413,6.370759
91.412855,6.471301
91.625238,6.571048
91.83081,6.668132
92.029782,6.762791
92.223221,6.855193
92.410284,6.945052
92.591934,7.033055
92.766335,7.118117
92.936682,7.200757
93.101818,7.281064
93.262975,7.359981
93.425141,7.440247
93.588719,7.521865
93.753255,7.604285
93.919827,7.68877
94.086286,7.773428
94.254182,7.859259
94.423343,7.946327
94.59386,8.034557
94.76562,8.124054
94.938906,8.214934
95.113455,8.307033
95.288416,8.400224
95.463431,8.494179
95.639068,8.589225
95.816275,8.685285
95.991112,8.780126
96.174114,8.879404
96.357996,8.979424
96.535246,9.075788
96.716029,9.174783
96.890886,9.270722
97.06048,9.364099
97.224333,9.455592
97.382851,9.544798
97.536476,9.631915
97.685242,9.717044
97.829631,9.800242
97.968969,9.881119
98.104076,9.960094
98.231324,10.034786
98.360387,10.110927
98.482459,10.183683
98.600319,10.254645
98.716441,10.325234
98.824252,10.391228
98.93083,10.45688
99.034151,10.520814
99.134369,10.583066
99.231583,10.643675
99.325709,10.702577
99.42053,10.762147
99.51735,10.823155
99.617121,10.886333
99.720105,10.951425
99.828361,11.01986
99.937749,11.088857
100.048015,11.158127
100.163572,11.230524
100.282176,11.304608
100.403741,11.380354
100.528366,11.457829
100.654719,11.536364
100.783776,11.616498
100.924533,11.703785
101.049575,11.78103
101.187802,11.86577
101.323102,11.947871
101.463119,12.032387
101.602485,12.115914
101.747022,12.201951
101.893837,12.28891
102.042329,12.376602
102.192917,12.466226
102.344403,12.554572
102.498217,12.644347
102.653857,12.735015
102.814541,12.828632
102.970802,12.919709
103.131963,13.013666
103.294879,13.108613
103.458769,13.20447
103.623132,13.300389
103.788634,13.397072
103.956069,13.494652
104.125021,13.59305
104.295113,13.69254
104.466328,13.792375
104.638904,13.892707
104.812152,13.994415
104.986205,14.095423
105.178842,14.206996
105.337523,14.299134
105.514847,14.402171
105.696956,14.508161
105.873022,14.610841
106.053674,14.716353
106.234783,14.822638
106.415028,14.928489
106.596655,15.035964
106.779161,15.143942
106.962504,15.252715
107.146189,15.362757
107.33054,15.473362
107.515155,15.584715
107.70004,15.69599
107.885403,15.8079
108.07514,15.923013
108.257868,16.034389
108.444962,16.14908
108.632998,16.264991
108.821016,16.381738
109.008511,16.499001
109.195717,16.616189
109.387781,16.737618
109.576657,16.857646
109.761835,16.97667
109.951033,17.099277
110.139693,17.222301
110.329056,17.346282
110.517592,17.47106
110.706259,17.597205
110.894871,17.724565
111.083458,17.853317
111.279777,17.988778
111.464419,18.117682
111.648231,18.247189
111.834796,18.379174
112.0222,18.513229
112.209788,18.648134
112.397361,18.783928
112.584817,18.92044
112.770966,19.05764
112.957416,19.19662
113.146198,19.338979
113.331001,19.479321
113.515469,19.620636
113.699787,19.763259
113.883689,19.907147
114.061081,20.047005
114.234997,20.18483
114.404523,20.319712
114.568688,20.451548
114.727662,20.579788
114.881507,20.704523
115.030367,20.825883
115.173946,20.944147
115.313656,21.059583
115.448819,21.171586
115.579088,21.280216
115.707405,21.387947
115.826753,21.488778
115.944841,21.588977
116.059164,21.686536
116.17339,21.784473
116.286545,21.882008
116.402038,21.982069
116.523693,22.087822
116.637334,22.186877
116.755114,22.289874
116.876975,22.397427
117.000648,22.506613
117.131008,22.621678
117.252923,22.729496
117.384109,22.845923
117.511078,22.959473
117.642539,23.077223
117.775061,23.19694
117.907976,23.317235
118.042162,23.439531
118.180093,23.566263
118.313604,23.689934
118.450735,23.818033
118.588809,23.948055
118.727231,24.079784
118.869052,24.215579
119.004766,24.346637
119.144656,24.482501
119.288548,24.622626
119.427203,24.758636
119.568844,24.899132
119.710617,25.04091
119.852438,25.183491
119.995161,25.328325
120.136672,25.473186
120.278461,25.619427
120.420695,25.766683
120.56357,25.914805
120.709727,26.067122
120.850486,26.214907
120.9936,26.366993
121.136508,26.520284
121.278048,26.673335
121.420545,26.828464
121.563348,26.984779
121.706772,27.141614
121.849743,27.29975
121.991947,27.458709
122.137801,27.6226
122.276323,27.78052
122.417615,27.94278
122.558769,28.106302
122.700051,28.270996
122.841301,28.437045
122.982519,28.604613
123.122873,28.7735
123.262495,28.943291
123.401043,29.113787
123.539508,29.286121
123.677463,29.459882
123.815748,29.634621
123.954434,29.809611
124.0929,29.985071
124.234672,30.165354
124.372721,30.341749
124.510575,30.5196
124.648199,30.69843
124.785727,30.878036
124.929266,31.066001
125.058598,31.236231
125.195985,31.417764
125.332384,31.599569
125.471857,31.786099
125.608336,31.969827
125.745188,32.154081
125.882522,32.338409
126.019928,32.522796
126.15797,32.708192
126.302988,32.903825
126.429219,33.074753
126.566528,33.261173
126.704,33.448022
126.841997,33.635619
126.979589,33.823312
127.119227,34.014211
127.253369,34.198664
127.393073,34.391185
127.527455,34.576538
127.668332,34.769229
127.804484,34.954282
127.943918,35.14337
128.082745,35.331019
128.222144,35.519185
128.369911,35.719302
128.501185,35.89717
128.643879,36.090353
128.781556,36.276438
128.922069,36.466275
129.061348,36.654912
129.201823,36.845046
129.342411,37.035591
129.483152,37.226724
129.623889,37.418232
129.764138,37.610092
129.904299,37.802311
130.043371,37.993256
130.183127,38.184722
130.323303,38.376168
130.463835,38.567554
130.604659,38.759273
130.745535,38.951237
130.885214,39.141315
131.026273,39.332649
131.167534,39.524191
131.309258,39.715916
131.451535,39.907625
131.594068,40.098975
131.736224,40.291253
131.878132,40.481953
132.020511,40.672913
132.16298,40.86377
132.303047,41.051886
132.439865,41.236103
132.576218,41.420228
132.712216,41.603028
132.849353,41.786826
132.987179,41.971022
133.125672,42.155582
133.26503,42.340291
133.405065,42.525299
133.544206,42.710876
133.683492,42.89588
133.823029,43.081245
133.962818,43.266901
134.102622,43.452841
134.242244,43.63955
134.381849,43.827098
134.520975,44.015092
134.659517,44.201485
134.798806,44.389032
134.938355,44.576888
135.078432,44.76506
135.218816,44.953325
135.358698,45.141444
135.498403,45.330476
135.637893,45.519329
135.777352,45.708569
135.916814,45.898091
136.056421,46.087882
136.196354,46.278173
136.335975,46.468562
136.475084,46.65763
136.614,46.847453
136.753246,47.037888
136.892764,47.228811
137.032435,47.420196
137.171658,47.61141
137.309712,47.8039
137.447698,47.996579
137.585034,48.189662
137.722047,48.38329
137.858621,48.577527
137.995263,48.772931
138.133847,48.972438
138.268998,49.167852
138.40132,49.358777
138.536363,49.554997
138.671249,49.75194
138.806044,49.949561
138.940333,50.147332
139.072799,50.345675
139.205851,50.54497
139.33776,50.744105
139.469201,50.944071
139.600191,51.144654
139.730932,51.346444
139.860617,51.548681
139.989345,51.75134
140.117112,51.953424
140.244004,52.157511
140.370235,52.362751
140.495628,52.569059
140.619921,52.775816
140.742225,52.983357
140.864732,53.192156
140.985575,53.400959
141.10521,53.610702
141.22372,53.821334
141.341358,54.033345
141.457467,54.245921
141.572281,54.458823
141.685591,54.671546
141.797955,54.885234
141.909656,55.100516
142.020618,55.316648
142.130402,55.533166
142.238672,55.750553
142.345479,55.965954
142.447442,56.175331
142.545046,56.378264
142.638873,56.575323
142.729364,56.766766
142.816294,56.953082
142.899872,57.134265
142.980237,57.30948
143.057366,57.479391
143.131962,57.643708
143.20399,57.804392
143.274845,57.963505
143.340571,58.111945
143.405369,58.259077
143.467374,58.401644
143.527837,58.540508
143.586347,58.674778
143.642887,58.806141
143.698398,58.935722
143.750528,59.058472
143.800836,59.177601
143.849467,59.293496
143.895461,59.403867
143.94071,59.513318
143.984336,59.619684
144.026344,59.72319
144.066609,59.823432
144.10617,59.922771
144.143599,60.01741
144.178621,60.106869
144.212854,60.19543
144.246365,60.282721
144.281158,60.374036
144.316945,60.468601
144.35444,60.568113
144.393142,60.67146
144.433118,60.779043
144.475175,60.893029
144.516726,61.00649
144.560214,61.126131
144.60473,61.249561
144.650907,61.378529
144.696192,61.505918
144.743105,61.638988
144.791289,61.775595
144.83943,61.914712
144.887965,62.056545
144.937011,62.201577
144.986507,62.349731
145.036497,62.501149
145.087004,62.655675
145.138433,62.815589
145.188039,62.971673
145.238791,63.133611
145.289705,63.297606
145.340614,63.463398
145.392045,63.630932
145.44413,63.801298
145.496761,63.973717
145.549487,64.148109
145.60333,64.32783
145.654597,64.502568
145.70732,64.683048
145.761015,64.864978
145.8135,65.048185
145.865555,65.23316
145.917186,65.420174
145.969337,65.613049
146.019031,65.800743
146.069927,65.997165
146.118077,66.187935
146.173213,66.411216
146.213906,66.579706
146.261611,66.777585
146.308517,66.977309
146.354898,67.178609
146.400701,67.381172
146.445916,67.584391
146.491157,67.789408
146.535712,67.995014
146.580215,68.201539
146.624406,68.409365
146.668366,68.618287
146.712349,68.828496
146.756088,69.039988
146.798987,69.251967
146.841091,69.465232
146.885025,69.690404
146.924183,69.891161
146.965205,70.1059
147.006122,70.321634
147.047685,70.538159
147.08887,70.754849
147.130398,70.972918
147.170652,71.191205
147.211007,71.409932
147.251215,71.629385
147.291509,71.849655
147.33177,72.070826
147.371958,72.293105
147.411155,72.51548
147.44978,72.737849
147.487714,72.960024
147.525341,73.183548
147.562215,73.407827
147.598801,73.632925
147.635959,73.858
147.673023,74.084089
147.7097,74.310235
147.746009,74.536325
147.781613,74.763239
147.816731,74.990797
147.851585,75.21895
147.886175,75.448014
147.920242,75.677376
147.953491,75.906366
147.98688,76.135672
148.02007,76.366082
148.05173,76.587962
148.084367,76.819769
148.116053,77.046934
148.147541,77.275771
148.178225,77.498959
148.209159,77.727291
148.239573,77.956352
148.269598,78.186006
148.299441,78.416128
148.329095,78.647088
148.358065,78.878445
148.386805,79.108304
148.414929,79.33987
148.447183,79.609141
148.470486,79.804659
148.498858,80.037784
148.527247,80.270565
148.555975,80.504973
148.584393,80.737367
148.612286,80.969213
148.639124,81.194531
148.665134,81.414706
148.690984,81.63543
148.716479,81.856761
148.742153,82.078464
148.767584,82.299517
148.793076,82.52225
148.818535,82.745752
148.84385,82.970098
148.868962,83.195124
148.893673,83.419911
148.918136,83.646612
148.94231,83.87175
148.96663,84.098178
148.990989,84.325366
149.015317,84.553247
149.039745,84.781764
149.063914,85.010896
149.088013,85.239604
149.112303,85.473156
149.136347,85.703386
149.160155,85.932602
149.183212,86.155568
149.205478,86.371847
149.226228,86.577255
149.24644,86.78198
149.266502,86.979018
149.286829,87.178089
149.305323,87.359977
149.32374,87.540243
149.341251,87.711565
149.3586,87.881139
149.375584,88.045996
149.392288,88.208644
149.407692,88.359542
149.423636,88.512594
149.438877,88.655072
149.454284,88.797529
149.470123,88.942609
149.486378,89.090485
149.503043,89.241417
149.520011,89.395394
149.537495,89.555584
149.554698,89.718412
149.571359,89.873834
149.588898,90.037308
149.606282,90.20374
149.623779,90.372671
149.641228,90.544267
149.658932,90.722007
149.676179,90.898727
149.693396,91.078002
149.710422,91.258614
149.727218,91.441049
149.743663,91.620284
149.760569,91.80621
149.77766,91.994157
149.794855,92.184028
149.811948,92.375589
149.828953,92.568769
149.84597,92.763506
149.861268,92.960016
149.877388,93.156481
149.893324,93.354854
149.909087,93.554573
149.924323,93.755854
149.939056,93.958846
149.95353,94.163682
149.967561,94.369271
149.981186,94.575962
149.994977,94.782224
150.00878,94.995058
150.02236,95.205113
150.035962,95.416411
150.049121,95.624508
150.062381,95.837769
150.074105,96.052363
150.085887,96.265281
150.097366,96.477982
150.108523,96.697386
150.119125,96.913552
150.129234,97.130695
150.138835,97.34932
150.147707,97.568576
150.155957,97.781301
150.16578,97.998429
150.174085,98.219767
150.180991,98.444804
150.187162,98.66212
150.192933,98.88496
150.197715,99.108007
150.202033,99.336781
150.205758,99.560863
150.20878,99.781441
150.211392,100.007297
150.21346,100.233897
150.214939,100.461847
150.215549,100.689806
150.215653,100.922017
150.215347,101.149637
150.214179,101.378921
150.212561,101.609018
150.210062,101.839824
150.206808,102.075946
150.203115,102.298034
150.199397,102.5297
150.194784,102.761379
150.189303,102.993735
150.183107,103.22655
150.17611,103.459955
150.168404,103.694094
150.159448,103.937882
150.150956,104.160999
150.141534,104.395172
150.131857,104.626101
150.122321,104.850059
150.11281,105.067197
150.103468,105.27739
150.093047,105.485796
150.083414,105.684129
150.073533,105.87599
150.063788,106.062116
150.054305,106.242773
150.044975,106.418013
150.03592,106.58464
150.026793,106.750053
150.017621,106.909832
150.008326,107.065214
149.999153,107.215014
149.990312,107.359954
149.980866,107.500875
149.971333,107.637323
149.961737,107.76993
149.951697,107.904164
149.941107,108.042005
149.929897,108.183384
149.918093,108.328223
149.905493,108.475686
149.892494,108.626715
149.878885,108.782241
149.864839,108.937406
149.849955,109.095455
149.834202,109.25637
149.817592,109.42013
149.800568,109.583208
149.782467,109.752192
149.763701,109.923392
149.744059,110.096746
149.72414,110.271837
149.703734,110.447529
149.682523,110.626639
149.661204,110.804207
149.638465,110.991024
149.615653,111.175936
149.592185,111.362629
149.568048,111.550646
149.542528,111.740875
149.516751,111.932564
149.490458,112.124833
149.462806,112.322795
149.434831,112.518619
149.405995,112.716137
149.376318,112.915541
149.346196,113.111982
149.314449,113.31385
149.282141,113.515592
149.249254,113.718766
149.215589,113.923995
149.181129,114.130545
149.145908,114.338294
149.110004,114.547109
149.073578,114.75619
149.036399,114.967538
148.999005,115.178148
148.961121,115.390157
148.922876,115.603215
148.884067,115.81743
148.844638,116.033008
148.804272,116.24908
148.762161,116.470471
148.721264,116.681818
148.67769,116.902297
148.635314,117.112389
148.593452,117.316183
148.553003,117.509789
148.512395,117.701329
148.472282,117.88668
148.433093,118.067769
148.395779,118.242373
148.35799,118.414903
148.322475,118.57548
148.286296,118.73765
148.251581,118.891853
148.217684,119.041424
148.185231,119.183984
148.152908,119.324656
148.121221,119.461642
148.090584,119.593881
148.060628,119.721452
148.031556,119.846281
148.002438,119.970937
147.972422,120.099401
147.941427,120.23178
147.909431,120.368061
147.876389,120.508162
147.842281,120.65202
147.80727,120.79932
147.770756,120.949685
147.733559,121.104004
147.695382,121.262478
147.656592,121.421388
147.616632,121.583377
147.576276,121.745084
147.532976,121.916782
147.490097,122.084787
147.445118,122.259061
147.398944,122.435468
147.351503,122.61445
147.302346,122.797843
147.253363,122.977441
147.200958,123.167101
147.149419,123.351611
147.095717,123.542048
147.040786,123.734398
146.984409,123.927938
146.926493,124.12505
146.868277,124.321597
146.808646,124.520219
146.747994,124.720554
146.686013,124.922726
146.622764,125.126639
146.558306,125.33246
146.492519,125.539413
146.426383,125.745657
146.361304,125.945535
146.298132,126.140086
146.236346,126.328683
146.176464,126.51148
146.117977,126.688371
146.06055,126.859516
146.003755,127.025387
145.948219,127.187135
145.894868,127.342346
145.842502,127.492944
145.791557,127.638653
145.741718,127.779918
145.693133,127.916903
145.645785,128.049764
145.598235,128.182639
145.544186,128.332909
145.497539,128.462009
145.444052,128.609177
145.391734,128.752339
145.334466,128.908807
145.280778,129.053897
145.222057,129.211752
145.161711,129.372912
145.099625,129.537563
145.03581,129.705576
144.970494,129.876337
144.903053,130.050814
144.834709,130.226543
144.76525,130.404813
144.693771,130.58591
144.620757,130.769703
144.546016,130.956116
144.469555,131.145181
144.391478,131.336771
144.311737,131.530255
144.230948,131.724231
144.148487,131.921238
144.06258,132.124525
143.978297,132.32212
143.890659,132.52573
143.801425,132.731156
143.710671,132.93777
143.618157,133.146478
143.525026,133.355294
143.429902,133.566453
143.331235,133.783629
143.234956,133.993675
143.135103,134.209788
143.03394,134.426739
142.932292,134.643808
142.828744,134.862776
142.724114,135.083227
142.618617,135.305157
142.512369,135.528662
142.405949,135.753031
142.298511,135.979529
142.191181,136.205196
142.082311,136.432495
141.972351,136.660969
141.861519,136.89061
141.749675,137.121433
141.63698,137.352549
141.523257,137.583457
141.408401,137.816056
141.292197,138.049532
141.174735,138.283854
141.056111,138.519114
140.936634,138.755469
140.816471,138.989442
140.694692,139.224994
140.571996,139.460755
140.451388,139.69076
140.333693,139.914033
140.219562,140.129931
140.107105,140.339383
139.998798,140.542953
139.893628,140.740452
139.789331,140.9358
139.687675,141.125578
139.584452,141.317438
139.481908,141.507659
139.376853,141.701678
139.270459,141.896781
139.161859,142.094144
139.051982,142.293319
138.940989,142.494325
138.828444,142.697451
138.714974,142.90146
138.599455,143.105677
138.482848,143.313145
138.364712,143.522674
138.245234,143.734384
138.124141,143.947902
138.001891,144.163765
137.879647,144.379609
137.757082,144.595818
137.632329,144.814084
137.503194,145.038013
137.377559,145.254452
137.247951,145.476873
137.117892,145.698455
136.985767,145.92124
136.853654,146.145947
136.721396,146.372329
136.586505,146.605023
136.456482,146.830495
136.321284,147.065972
136.191501,147.290607
136.059065,147.52262
135.925992,147.755888
135.792363,147.9904
135.65818,148.226651
135.523864,148.461422
135.388374,148.698049
135.252738,148.935765
135.117833,149.172811
134.986437,149.402838
134.858003,149.626494
134.73122,149.847918
134.612683,150.054329
134.495001,150.258739
134.380426,150.456662
134.268862,150.648306
134.160103,150.834586
134.054324,151.014705
133.950045,151.191316
133.849044,151.360107
133.750638,151.52279
133.65429,151.679847
133.560335,151.8317
133.470627,151.975622
133.381565,152.117667
133.294799,152.255428
133.211069,152.389108
133.129666,152.517894
133.050938,152.642699
132.969757,152.77051
132.889036,152.89794
132.803917,153.032731
132.715979,153.172229
132.625304,153.316319
132.531931,153.465088
132.436259,153.617179
132.338565,153.772187
132.236973,153.933981
132.134737,154.096772
132.030231,154.263276
131.923184,154.433084
131.81396,154.606544
131.705064,154.780181
131.592558,154.961091
131.478813,155.144485
131.363391,155.33025
131.245431,155.520007
131.125863,155.713307
131.002506,155.914105
130.882426,156.110829
130.758334,156.314211
130.634058,156.518117
130.50749,156.725792
130.379983,156.936654
130.251512,157.150624
130.121885,157.367473
129.990724,157.587119
129.859964,157.807506
129.724574,158.035065
129.592483,158.256013
129.456226,158.483744
129.318723,158.713997
129.180149,158.946713
129.041187,159.178816
128.900577,159.412095
128.758252,159.647818
128.614362,159.885308
128.466021,160.129512
128.318348,160.36937
128.169714,160.610353
128.019679,160.853088
127.868872,161.097813
127.720464,161.339592
127.567875,161.588185
127.414872,161.83642
127.260528,162.085223
127.10403,162.335851
126.945806,162.587613
126.78611,162.840418
126.624907,163.093347
126.459618,163.351932
126.299301,163.599622
126.134093,163.851758
125.967272,164.103756
125.799242,164.3542
125.630684,164.602436
125.459377,164.850263
125.285985,165.097117
125.110834,165.343175
124.931342,165.592323
124.756574,165.831863
124.577212,166.074029
124.396524,166.315231
124.214387,166.556035
124.031362,166.795098
123.847369,167.032403
123.664038,167.267735
123.476968,167.50265
123.28851,167.736142
123.098643,167.968162
122.906585,168.19907
122.713046,168.428622
122.518092,168.656095
122.321536,168.882203
122.123259,169.107207
121.924365,169.33056
121.725605,169.551954
121.525724,169.772908
121.323319,169.992606
121.119537,170.210718
120.91402,170.427252
120.705964,170.643169
120.497145,170.855865
120.286769,171.06715
120.075168,171.277455
119.862821,171.486478
119.649916,171.69466
119.438695,171.900436
119.22443,172.10715
119.008018,172.311279
118.790537,172.513928
118.572046,172.715672
118.350899,172.916847
118.130097,173.113906
117.906988,173.308607
117.685028,173.498763
117.4687,173.681481
117.258325,173.857243
117.050615,174.028891
116.849016,174.193404
116.652553,174.350846
116.461039,174.502381
116.274272,174.648363
116.09582,174.786228
115.920335,174.919087
115.743553,175.051457
115.575238,175.176679
115.411173,175.297678
115.24548,175.418427
115.076755,175.539359
114.900785,175.66305
114.728779,175.782222
114.548725,175.906265
114.372357,176.026833
114.189114,176.150315
114.003092,176.274986
113.815305,176.400642
113.624822,176.528261
113.432264,176.657798
113.237233,176.787195
113.039631,176.91737
112.839269,177.048372
112.636099,177.180435
112.429973,177.313044
112.220871,177.445739
112.009712,177.578473
111.796792,177.710992
111.57623,177.847272
111.361641,177.978695
111.140471,178.113653
110.917484,178.249303
110.691943,178.385278
110.465128,178.521617
110.235528,178.658334
110.003217,178.795166
109.767988,178.932583
109.530995,179.069708
109.287588,179.210117
109.047885,179.34732
108.805757,179.485983
108.55663,179.627813
108.315702,179.76474
108.073571,179.902389
107.824847,180.044202
107.575689,180.186122
107.324521,180.328516
107.071642,180.471394
106.817091,180.61526
106.561271,180.759488
106.300914,180.906062
106.042913,181.051255
105.788505,181.19403
105.52733,181.34021
105.265286,181.487443
105.0024,181.635276
104.738984,181.783434
104.473873,181.931548
104.207262,182.079826
103.93919,182.228571
103.671493,182.376867
103.402522,182.525062
103.131668,182.673854
102.859547,182.822948
102.586695,182.972254
102.311321,183.123067
102.038672,183.272386
101.764088,183.423249
101.488471,183.574316
101.211576,183.725726
100.934807,183.877086
100.653729,184.029672
100.389871,184.173754
100.12915,184.316192
99.876251,184.454459
99.629239,184.589197
99.390346,184.719722
99.158477,184.845264
98.933327,184.966385
98.714927,185.083633
98.502248,185.197459
98.296224,185.30695
98.096478,185.412099
97.901719,185.514438
97.713363,185.614164
97.530755,185.711207
97.353933,185.805591
97.182702,185.897296
97.017125,185.986321
96.854653,186.072681
96.696073,186.157946
96.547844,186.237589
96.401171,186.316176
96.258789,186.392436
96.120492,186.466293
95.986265,186.537869
95.855992,186.607247
95.72931,186.674695
95.606727,186.739802
95.485156,186.804457
95.370756,186.865403
95.258738,186.925062
95.147726,186.984351
95.028354,187.047997
94.902933,187.114547
94.771228,187.183914
94.633304,187.256097
94.489348,187.331
94.339507,187.408556
94.184495,187.487751
94.024394,187.56915
93.86113,187.652718
93.692223,187.738891
93.51837,187.827541
93.339609,187.918591
93.156033,188.011965
92.967533,188.107842
92.77561,188.205275
92.580269,188.304267
92.381804,188.405036
92.178403,188.5081
91.970949,188.613229
91.759549,188.720246
91.544493,188.828991
91.326141,188.938613
91.107864,189.049341
90.895434,189.157229
90.689644,189.262212
90.490157,189.364232
90.296782,189.463313
90.10851,189.559813
89.925694,189.652914
89.749537,189.742687
89.577507,189.829591
89.410538,189.914196
89.248389,189.995975
89.091136,190.075325
88.938713,190.152165
88.791022,190.226654
88.648008,190.298758
88.507742,190.368224
88.372832,190.435907
88.241784,190.501874
88.114812,190.565951
87.991779,190.627992
87.872469,190.688213
87.751675,190.749291
87.624264,190.813773
87.490471,190.881546
87.348177,190.953572
87.206184,191.02537
87.053221,191.102735
86.89955,191.180495
86.743884,191.259009
86.5802,191.342195
86.412009,191.428168
86.239675,191.516987
86.062907,191.608245
85.882066,191.701824
85.697381,191.796787
85.510141,191.894376
85.315095,191.995915
85.12389,192.095264
84.916743,192.202463
84.721805,192.3029
84.515,192.40909
84.305614,192.516293
84.093854,192.624631
83.878704,192.733847
83.659609,192.844651
83.43705,192.956664
83.211212,193.069801
82.978711,193.185214
82.752087,193.296781
82.519047,193.41142
82.28351,193.526768
82.045452,193.642825
81.804831,193.759695
81.562431,193.876613
81.313536,193.995714
81.072904,194.110636
80.824194,194.228054
80.568045,194.348065
80.315259,194.465708
80.065853,194.580047
79.808395,194.69722
79.550117,194.813825
79.289647,194.930029
79.026803,195.046192
78.757387,195.163883
78.491663,195.278503
78.225883,195.392536
77.956833,195.505927
77.685815,195.618765
77.419379,195.728397
77.13514,195.843546
76.870784,195.948735
76.596683,196.056225
76.323129,196.161723
76.049939,196.265536
75.778102,196.366867
75.506902,196.46581
75.238685,196.562123
74.971223,196.655875
74.706452,196.747102
74.444779,196.835528
74.186088,196.921346
73.929045,197.004337
73.670308,197.085915
73.419525,197.163648
73.16557,197.241437
72.923248,197.314661
72.677424,197.388278
72.432146,197.461077
72.19378,197.531107
71.948456,197.601104
71.683139,197.674562
71.452196,197.737051
71.206408,197.802254
70.959981,197.865671
70.712821,197.927695
70.466805,197.987934
70.220747,198.047254
69.979792,198.104442
69.734051,198.161985
69.488343,198.218228
69.242701,198.273195
68.99859,198.327569
68.752255,198.37969
68.505651,198.430323
68.258742,198.479687
68.011982,198.527391
67.763957,198.573314
67.511174,198.618399
67.268626,198.659927
67.020571,198.700886
66.772139,198.740615
66.523317,198.779292
66.27394,198.816856
66.025161,198.853057
65.775671,198.888035
65.51942,198.922412
65.272845,198.954092
65.020752,198.984792
64.768153,199.014666
64.508516,199.043762
64.260475,199.070021
64.006978,199.095355
63.748004,199.119969
63.4988,199.1427
63.244281,199.164924
62.989281,199.185754
62.735611,199.205312
62.479705,199.223153
62.222991,199.239448
61.966108,199.254192
61.708749,199.267605
61.450634,199.279595
61.191579,199.289893
60.933565,199.298765
60.675241,199.306251
60.416476,199.312643
60.157358,199.317554
59.898154,199.321013
59.63963,199.322984
59.38587,199.323398
59.139212,199.322075
58.900039,199.319596
58.667528,199.315728
58.442321,199.310742
58.22308,199.305512
58.009668,199.298669
57.803196,199.291113
57.596474,199.282661
57.387965,199.273332
57.177562,199.263143
56.965904,199.252047
56.752366,199.239983
56.53778,199.22755
56.323126,199.215072
56.106319,199.202727
55.887733,199.189953
55.667544,199.176873
55.446714,199.163913
55.223964,199.15153
54.986718,199.138838
54.775172,199.127072
54.549035,199.114469
54.321526,199.101873
54.092589,199.089128
53.861995,199.076071
53.630573,199.062474
53.397736,199.048171
53.165301,199.033836
52.931613,199.019901
52.696036,199.005608
52.45876,198.991187
52.220588,198.977261
51.980562,198.963998
51.73865,198.951979
51.498093,198.939445
51.252251,198.926543
51.014256,198.914276
50.765569,198.901244
50.525538,198.887901
50.279365,198.873198
50.032914,198.858592
49.786864,198.840634
49.532821,198.825633
49.292854,198.811978
49.036346,198.797196
48.783382,198.782453
48.528829,198.767463
48.272739,198.752334
48.014843,198.737069
47.74981,198.721365
47.493258,198.706063
47.22963,198.690129
46.953561,198.673234
46.691673,198.657108
46.422722,198.64066
46.157535,198.624537
45.879889,198.607736
45.600622,198.590858
45.336346,198.574869
45.054071,198.557776
44.781472,198.541254
44.501949,198.524296
44.221093,198.507247
43.938947,198.49012
43.655551,198.472915
43.370944,198.455635
43.085163,198.438285
42.798246,198.420865
42.510229,198.403376
42.215289,198.385468
41.930585,198.368181
41.638671,198.350453
41.345302,198.332637
41.050485,198.314734
40.754266,198.296743
40.456688,198.27867
40.157794,198.260517
39.851608,198.241918
39.556219,198.223975
39.253617,198.205595
38.949856,198.187141
38.644971,198.168619
38.338998,198.150032
38.031971,198.131377
37.723923,198.112661
37.414885,198.093886
37.104888,198.075049
36.793963,198.056157
36.482138,198.03721
36.131861,198.015924
35.855901,197.999155
35.541542,197.980052
35.231517,197.961212
34.930935,197.94295
34.639509,197.925287
34.35695,197.908257
34.08298,197.891894
33.81733,197.876187
33.559157,197.86104
33.300754,197.845944
33.039809,197.830726
32.776402,197.815368
32.510611,197.799863
32.242509,197.784212
31.961312,197.767776
31.699665,197.752461
31.419547,197.736038
31.148408,197.720117
30.869722,197.703727
30.589061,197.687202
30.306487,197.670546
30.022059,197.653764
29.735834,197.636873
29.447865,197.619965
29.1582,197.603217
28.866884,197.58676
28.573957,197.5707
28.279468,197.555092
27.983466,197.539952
27.685997,197.525296
27.387108,197.511126
27.086845,197.497438
26.785249,197.484269
26.482362,197.471668
26.172128,197.459418
25.866734,197.448025
25.566801,197.437189
25.254732,197.425972
24.955072,197.415084
24.649608,197.403816
24.344703,197.3924
24.040516,197.380862
23.73726,197.369234
23.435038,197.357546
23.133831,197.345826
22.833607,197.334105
22.534336,197.322406
22.236038,197.310741
21.938699,197.299112
21.642287,197.287522
21.346775,197.275991
21.052127,197.264756
20.758309,197.254061
20.465292,197.244091
20.167208,197.234803
19.875717,197.22661
19.590755,197.219473
19.294874,197.212987
19.011261,197.207649
18.722504,197.202977
18.434387,197.198744
18.146901,197.194713
17.860029,197.19074
17.573754,197.186744
17.288056,197.182698
17.002918,197.178595
16.718323,197.174439
16.434254,197.17024
16.150694,197.166009
15.867627,197.161761
15.585038,197.157511
15.302912,197.153267
15.021233,197.149031
14.7399,197.144798
14.458536,197.140566
14.177047,197.136338
13.895436,197.13216
13.613705,197.128126
13.331861,197.124378
13.049905,197.121044
12.767804,197.118214
12.485523,197.115873
12.203071,197.11386
11.920456,197.112033
11.637622,197.110315
11.354637,197.108655
11.071747,197.107172
10.78884,197.105785
10.505401,197.104125
10.221982,197.102428
9.938508,197.100804
9.655075,197.099389
9.371331,197.098138
9.081461,197.097013
8.797631,197.095622
8.513546,197.094325
8.22935,197.093019
7.950737,197.091719
7.666327,197.09038
7.381697,197.089042
7.096697,197.087708
6.811123,197.08637
6.524739,197.085028
6.237426,197.083684
5.949148,197.082335
5.659929,197.08098
5.3698,197.079623
5.07879,197.078262
4.781078,197.076868
4.494231,197.075526
4.200732,197.074153
3.906403,197.072776
3.611255,197.071395
3.315313,197.070012
3.018601,197.068624
2.721145,197.067233
2.422966,197.065839
2.118104,197.064414
1.824533,197.063041
1.524322,197.061638
1.223414,197.060235
0.921857,197.058888
0.619973,197.057459
0.317702,197.055986
0.014409,197.05459
-0.289253,197.053108
-0.593354,197.051613
-0.897753,197.050386
-1.203023,197.048905
-1.51482,197.047416
-1.814135,197.045879
-2.112486,197.04437
-2.401746,197.042883
-2.682202,197.041406
-2.954127,197.039902
-3.217785,197.038339
-3.473436,197.036734
-3.721331,197.035128
-3.961712,197.033557
-4.194811,197.03204
-4.420858,197.030575
-4.640074,197.029152
-4.85267,197.02775
-5.062913,197.026335
-5.258824,197.024993
-5.452776,197.023656
-5.640899,197.022361
-5.823373,197.021117
-6.000375,197.019924
-6.172076,197.018777
-6.338642,197.017669
-6.500233,197.016591
-6.657003,197.015539
-6.809104,197.01451
-6.956681,197.013505
-7.099876,197.012527
-7.238825,197.011577
-7.373661,197.010657
-7.504513,197.009768
-7.631504,197.008909
-7.754756,197.008078
-7.874384,197.007273
-7.990503,197.006493
-8.103222,197.005735
-8.212646,197.004998
-8.31888,197.004282
-8.422021,197.003586
-8.522168,197.002909
-8.624356,197.002217
-8.733718,197.001476
-8.850086,197.000687
-8.973257,196.999851
-9.105729,196.998951
-9.242102,196.998023
-9.384711,196.99705
-9.533426,196.996033
-9.688122,196.994972
-9.848645,196.993866
-10.011646,196.992737
-10.183935,196.991536
-10.362256,196.990281
-10.546527,196.988969
-10.736771,196.987592
-10.933043,196.986143
-11.135187,196.984611
-11.343084,196.982983
-11.58261,196.981021
-11.775609,196.979354
-11.999893,196.977322
-12.229301,196.975126
-12.463674,196.972717
-12.702864,196.970073
-12.94673,196.96722
-13.195124,196.964187
-13.447899,196.960979
-13.704913,196.957597
-13.96603,196.954042
-14.231121,196.950313
-14.50007,196.946419
-14.772767,196.942376
-15.049091,196.938222
-15.328925,196.93397
-15.612156,196.929622
-15.90444,196.925087
-16.19421,196.920544
-16.490124,196.915851
-16.766425,196.911439
-17.045256,196.906997
-17.299788,196.902993
-17.559586,196.899
-17.822677,196.895089
-18.089691,196.891259
-18.360506,196.887519
-18.635004,196.8839
-18.913069,196.880479
-19.194593,196.877328
-19.479465,196.874495
-19.76758,196.872032
-20.058838,196.869981
-20.353141,196.868366
-20.65039,196.867214
-20.950495,196.866564
-21.253363,196.866454
-21.558909,196.86688
-21.867056,196.867722
-22.177724,196.868911
-22.490832,196.870392
-22.8063,196.872126
-23.124048,196.87408
-23.44401,196.876219
-23.766124,196.878509
-24.11635,196.881089
-24.416543,196.883347
-24.744711,196.885855
-25.074766,196.888418
-25.453258,196.891393
-25.740312,196.893671
-26.075695,196.896348
-26.419501,196.899109
-26.751404,196.901799
-27.091627,196.904577
-27.433363,196.907391
-27.776568,196.910227
-28.121194,196.913081
-28.467198,196.915954
-28.814536,196.918839
-29.162496,196.92173
-29.502482,196.924559
-29.832078,196.927279
-30.15161,196.929824
-30.467493,196.932152
-30.761733,196.93409
-31.052921,196.935804
-31.340802,196.937369
-31.608977,196.93877
-31.874388,196.940132
-32.131739,196.941417
-32.381281,196.942589
-32.623255,196.943644
-32.857901,196.944609
-33.086116,196.945535
-33.31668,196.946491
-33.556941,196.947529
-33.797319,196.948619
-34.04233,196.949785
-34.291827,196.951039
-34.54571,196.952392
-34.798718,196.953825
-35.061099,196.955408
-35.327762,196.957129
-35.598741,196.959012
-35.874006,196.96107
-36.153526,196.963328
-36.437218,196.965859
-36.724948,196.968646
-37.016585,196.971693
-37.312002,196.974984
-37.611079,196.978497
-37.913703,196.982211
-38.225925,196.986205
-38.529209,196.990212
-38.841949,196.994458
-39.157882,196.998865
-39.476902,197.003439
-39.798915,197.008176
-40.123835,197.013075
-40.458159,197.018195
-40.782047,197.023211
-41.115157,197.028424
-41.450822,197.033738
-41.788962,197.039154
-42.129503,197.044677
-42.479253,197.050411
-42.817495,197.056028
-43.171766,197.062004
-43.521222,197.068001
-43.858625,197.073896
-44.219119,197.080295
-44.574487,197.086699
-44.931731,197.093246
-45.290841,197.099929
-45.651762,197.106754
-46.01444,197.113709
-46.378821,197.12078
-46.752188,197.12812
-47.119845,197.135423
-47.481652,197.142672
-47.85233,197.150127
-48.22481,197.157352
-48.603099,197.165084
-48.974905,197.172758
-49.339869,197.180495
-49.71046,197.188731
-50.080415,197.197309
-50.447108,197.210363
-50.822316,197.223466
-51.199746,197.234036
-51.574779,197.244357
-51.948257,197.256095
-52.320382,197.270273
-52.687697,197.285777
-53.056423,197.302627
-53.42417,197.320059
-53.793977,197.336797
-54.164868,197.354382
-54.537309,197.372681
-54.908588,197.392743
-55.281742,197.412452
-55.655992,197.432591
-56.031782,197.452404
-56.407011,197.470988
-56.783417,197.488389
-57.168794,197.504659
-57.547751,197.520407
-57.926538,197.536355
-58.306248,197.550727
-58.701734,197.56382
-59.060138,197.574292
-59.441056,197.583409
-59.821171,197.591337
-60.202453,197.596053
-60.584222,197.599111
-60.966114,197.600339
-61.34812,197.600876
-61.730437,197.599083
-62.136562,197.594735
-62.496401,197.588289
-62.877267,197.579149
-63.25985,197.565634
-63.642488,197.548535
-64.024873,197.528373
-64.407896,197.50561
-64.789547,197.47895
-65.171568,197.448682
-65.55329,197.415066
-65.932133,197.378908
-66.312846,197.340898
-66.693032,197.296625
-67.072414,197.249558
-67.453111,197.199162
-67.831162,197.145585
-68.208965,197.087602
-68.59416,197.025003
-68.962295,196.962267
-69.337157,196.897497
-69.712495,196.827168
-70.086713,196.753925
-70.46238,196.677434
-70.834761,196.599182
-71.205872,196.518896
-71.577012,196.435298
-71.947153,196.34897
-72.313698,196.261166
-72.683007,196.172107
-73.05133,196.08275
-73.419707,195.992359
-73.78848,195.901992
-74.155177,195.811925
-74.522292,195.719775
-74.888865,195.626399
-75.252725,195.533214
-75.618675,195.439368
-75.984397,195.345943
-76.350009,195.253312
-76.717613,195.160055
-77.081797,195.068193
-77.446737,194.974987
-77.818986,194.87857
-78.175161,194.784979
-78.537422,194.690519
-78.900679,194.591979
-79.263429,194.492191
-79.627404,194.390246
-79.996649,194.283797
-80.358038,194.176605
-80.719486,194.066237
-81.080233,193.953234
-81.430862,193.841403
-81.790928,193.724157
-82.14997,193.603649
-82.508277,193.480879
-82.867927,193.354451
-83.223561,193.22666
-83.579138,193.094233
-83.933437,192.957909
-84.285067,192.81962
-84.637334,192.678569
-84.988925,192.534622
-85.346646,192.385466
-85.690623,192.238738
-86.038949,192.087463
-86.386706,191.933239
-86.733898,191.77648
-87.080034,191.617801
-87.424355,191.45846
-87.776933,191.295078
-88.115379,191.137127
-88.461509,190.974832
-88.806802,190.813884
-89.152104,190.652969
-89.497707,190.490812
-89.842741,190.327788
-90.185163,190.165035
-90.530182,190.001225
-90.875208,189.838077
-91.227075,189.671796
-91.566238,189.511461
-91.911079,189.348568
-92.255826,189.18385
-92.600801,189.018241
-92.943687,188.853348
-93.301312,188.680202
-93.639663,188.519363
-93.984775,188.355169
-94.331518,188.190614
-94.676924,188.027835
-95.022414,187.863399
-95.361143,187.701458
-95.706063,187.536145
-96.05036,187.372557
-96.396032,187.207151
-96.741624,187.04246
-97.088321,186.877081
-97.440603,186.708154
-97.784892,186.540106
-98.142206,186.362398
-98.471087,186.196249
-98.803604,186.027703
-99.145644,185.852148
-99.485514,185.674068
-99.824617,185.494467
-100.164368,185.313424
-100.501138,185.1314
-100.837042,184.945287
-101.171424,184.756689
-101.555789,184.537581
-101.842603,184.373045
-102.167198,184.182817
-102.497272,183.987187
-102.828038,183.788393
-103.155378,183.589412
-103.488416,183.383184
-103.807343,183.182359
-104.130091,182.976325
-104.451745,182.769059
-104.773527,182.559658
-105.093567,182.34915
-105.413449,182.135955
-105.730598,181.922366
-106.045342,181.70541
-106.358093,181.484061
-106.668646,181.259936
-106.97556,181.035464
-107.284112,180.808065
-107.591048,180.579474
-107.903417,180.343935
-108.201566,180.115992
-108.503735,179.881492
-108.804291,179.643841
-109.102733,179.403691
-109.398226,179.163308
-109.694894,178.921159
-109.990998,178.678273
-110.286576,178.43487
-110.582927,178.190733
-110.878286,177.948136
-111.172691,177.703139
-111.466459,177.456603
-111.758368,177.210689
-112.050315,176.963096
-112.343438,176.716537
-112.635843,176.469119
-112.929083,176.220494
-113.221262,175.974237
-113.512809,175.725846
-113.803517,175.475706
-114.09292,175.225086
-114.380668,174.974282
-114.671132,174.724799
-114.961506,174.475021
-115.253029,174.224395
-115.543625,173.976547
-115.834878,173.728398
-116.126128,173.479555
-116.416821,173.230308
-116.709818,172.979117
-116.988496,172.740876
-117.263745,172.507215
-117.531155,172.279775
-117.793523,172.058009
-118.046196,171.842729
-118.291838,171.630911
-118.53802,171.417193
-118.784765,171.201669
-119.030292,170.987187
-119.278954,170.769461
-119.533291,170.546041
-119.778817,170.330568
-120.031992,170.10915
-120.285192,169.889362
-120.538949,169.667397
-120.793484,169.443361
-121.048499,169.217982
-121.303093,168.992984
-121.559448,168.767044
-121.817104,168.539459
-122.075529,168.310548
-122.334627,168.080584
-122.594844,167.850081
-122.854187,167.617774
-123.129694,167.36926
-123.373931,167.147459
-123.632693,166.910629
-123.891395,166.673323
-124.149794,166.431974
-124.407232,166.188653
-124.664095,165.942561
-124.92073,165.694743
-125.175142,165.444494
-125.428807,165.191412
-125.68119,164.936219
-125.931691,164.680251
-126.182712,164.423341
-126.432291,164.162431
-126.681105,163.900457
-126.934968,163.630616
-127.18169,163.36444
-127.421654,163.101328
-127.665064,162.830212
-127.9072,162.557059
-128.147107,162.28446
-128.388093,162.009086
-128.623301,161.735826
-128.850617,161.469677
-129.071386,161.208234
-129.284328,160.950922
-129.495494,160.691764
-129.705831,160.430013
-129.915332,160.166166
-130.123314,159.902303
-130.332264,159.63707
-130.54801,159.357344
-130.746824,159.097903
-130.953821,158.82561
-131.159642,158.550763
-131.399047,158.224986
-131.568063,157.990608
-131.76355,157.715309
-131.965843,157.42726
-132.161353,157.1458
-132.358695,156.860231
-132.550501,156.579375
-132.745377,156.290948
-132.944359,155.993392
-133.132067,155.708123
-133.322595,155.414015
-133.511366,155.117731
-133.698688,154.819563
-133.883402,154.522106
-134.068235,154.22049
-134.250487,153.916655
-134.431458,153.610471
-134.615966,153.295455
-134.793861,152.987032
-134.970909,152.67609
-135.146777,152.363288
-135.321233,152.048938
-135.489649,151.742035
-135.662002,151.425111
-135.832275,151.107096
-136.001706,150.78796
-136.170552,150.467654
-136.341978,150.141508
-136.508836,149.820351
-136.677967,149.491541
-136.839373,149.175153
-137.005884,148.846087
-137.163,148.53495
-137.325955,148.210118
-137.489276,147.884421
-137.652474,147.558579
-137.816121,147.233385
-137.979138,146.906708
-138.141514,146.578717
-138.302704,146.251189
-138.466453,145.915569
-138.624849,145.592316
-138.786011,145.261626
-138.947648,144.928843
-139.109455,144.597975
-139.271419,144.266102
-139.433117,143.933072
-139.594139,143.599395
-139.753053,143.268046
-139.913253,142.933469
-140.074436,142.599922
-140.235041,142.266136
-140.396431,141.931105
-140.557795,141.597748
-140.718475,141.263598
-140.878752,140.928688
-141.038267,140.594484
-141.200946,140.255246
-141.360744,139.919814
-141.517058,139.591284
-141.680124,139.248476
-141.842433,138.906648
-141.994379,138.584273
-142.151664,138.247361
-142.307551,137.90982
-142.461629,137.574614
-142.616037,137.236211
-142.767561,136.896737
-142.918605,136.557215
-143.069704,136.215634
-143.221987,135.868653
-143.369409,135.526986
-143.512365,135.190936
-143.656246,134.848149
-143.799501,134.507543
-143.942058,134.162236
-144.082082,133.817115
-144.221771,133.470459
-144.360287,133.124672
-144.497332,132.778529
-144.632715,132.431088
-144.768897,132.076095
-144.897838,131.737376
-145.029366,131.388433
-145.158112,131.038689
-145.286025,130.688862
-145.413439,130.336553
-145.538924,129.986489
-145.662323,129.634675
-145.783761,129.281629
-145.903042,128.928848
-146.021499,128.576663
-146.137951,128.221359
-146.252647,127.865274
-146.365957,127.506617
-146.477316,127.149085
-146.586431,126.791106
-146.692854,126.431696
-146.796755,126.071632
-146.898028,125.71394
-146.99907,125.35266
-147.097121,124.991044
-147.193024,124.629101
-147.286744,124.264289
-147.377467,123.901939
-147.46512,123.537861
-147.549953,123.172747
-147.63376,122.801457
-147.711957,122.44365
-147.790333,122.069876
-147.864083,121.702947
-147.933897,121.340974
-148.002865,120.97382
-148.069686,120.605537
-148.134452,120.236507
-148.19713,119.867189
-148.257975,119.500123
-148.318731,119.130578
-148.378252,118.760935
-148.437417,118.390981
-148.496072,118.020328
-148.555221,117.651931
-148.613351,117.282353
-148.671778,116.904808
-148.726784,116.543862
-148.782323,116.174013
-148.84052,115.796874
-148.898682,115.419747
-148.953484,115.062897
-149.011158,114.694766
-149.068379,114.325335
-149.124568,113.95533
-149.17966,113.585303
-149.233143,113.218108
-149.288925,112.847997
-149.345724,112.478522
-149.407414,112.078524
-149.459922,111.73898
-149.516741,111.370146
-149.571522,111.000502
-149.624992,110.630071
-149.677353,110.262539
-149.730006,109.892243
-149.781074,109.521965
-149.832169,109.151866
-149.883218,108.780005
-149.933432,108.410103
-149.981164,108.039271
-150.028172,107.660134
-150.071622,107.296416
-150.118477,106.904973
-150.158021,106.554945
-150.198584,106.182762
-150.238551,105.809762
-150.277461,105.437359
-150.314092,105.065023
-150.348265,104.691815
-150.380809,104.310877
-150.410323,103.947917
-150.439594,103.57395
-150.464643,103.200199
-150.487528,102.826572
-150.508187,102.450266
-150.526971,102.077493
-150.543143,101.703329
-150.556952,101.328618
-150.56841,100.954891
-150.578086,100.581822
-150.585403,100.207164
-150.590606,99.84006
-150.593996,99.456113
-150.59495,99.077433
-150.59402,98.706114
-150.591847,98.340462
-150.588012,97.96769
-150.582958,97.601622
-150.576646,97.235123
-150.569851,96.861391
-150.561379,96.482268
-150.55268,96.111572
-150.545208,95.744101
-150.537105,95.376772
-150.528481,95.017061
-150.518515,94.650538
-150.507942,94.287982
-150.497629,93.921623
-150.487393,93.556111
-150.47605,93.190466
-150.463094,92.823321
-150.448127,92.458874
-150.429649,92.093524
-150.40746,91.720381
-150.382247,91.36396
-150.353586,90.999608
-150.318687,90.634839
-150.279403,90.270315
-150.234508,89.897284
-150.186889,89.541367
-150.131644,89.171668
-150.072252,88.816473
-150.004538,88.447663
-149.934942,88.088284
-149.860901,87.735543
-149.781487,87.375826
-149.700295,87.016452
-149.617899,86.656019
-149.533679,86.289769
-149.450303,85.930168
-149.36613,85.569999
-149.281389,85.210397
-149.193804,84.844275
-149.110002,84.491991
-149.026113,84.13919
-148.941134,83.779096
-148.856347,83.418934
-148.771409,83.058373
-148.686075,82.697449
-148.600551,82.335901
-148.514091,81.976009
-148.428082,81.615113
-148.341883,81.25394
-148.255741,80.892372
-148.170321,80.530151
-148.084125,80.169533
-147.997567,79.810536
-147.912322,79.462075
-147.828673,79.122758
-147.745077,78.793499
-147.664244,78.471166
-147.585741,78.159571
-147.508743,77.857681
-147.433168,77.56313
-147.358398,77.277638
-147.285654,77.000191
-147.213714,76.731775
-147.142834,76.471822
-147.073057,76.219003
-147.004186,75.975381
-146.936526,75.736944
-146.870885,75.505754
-146.807062,75.281851
-146.744126,75.065115
-146.682575,74.855057
-146.622674,74.65044
-146.564177,74.452976
-146.507577,74.262276
-146.452382,74.076652
-146.397964,73.896996
-146.34491,73.722681
-146.293438,73.553666
-146.241538,73.384068
-146.189811,73.21599
-146.135263,73.040384
-146.078628,72.858868
-146.019737,72.671709
-145.958875,72.478646
-145.896544,72.279902
-145.832979,72.075086
-145.768276,71.864492
-145.70256,71.648138
-145.63606,71.429968
-145.569126,71.206995
-145.50027,70.979078
-145.430107,70.746139
-145.359037,70.508418
-145.286708,70.265778
-145.213674,70.02111
-145.138986,69.771617
-145.06322,69.517579
-144.986143,69.259333
-144.907809,68.996849
-144.827727,68.729466
-144.74846,68.4622
-144.668391,68.1928
-144.587557,67.91851
-144.50747,67.646687
-144.429699,67.383188
-144.354092,67.127174
-144.279976,66.878454
-144.208061,66.636028
-144.137575,66.398727
-144.063913,66.152548
-143.991039,65.911767
-143.915257,65.661881
-143.83929,65.411288
-143.763589,65.157247
-143.686956,64.898132
-143.609539,64.634944
-143.530076,64.361965
-143.45172,64.092739
-143.37326,63.820127
-143.282365,63.504349
-143.214948,63.268656
-143.134295,62.98478
-143.053233,62.697337
-142.971946,62.409857
-142.888629,62.112437
-142.808049,61.823502
-142.725476,61.525594
-142.642394,61.224471
-142.559666,60.924085
-142.474639,60.619958
-142.388324,60.313481
-142.300381,60.004665
-142.21164,59.693669
-142.121579,59.38233
-142.028147,59.069138
-141.931472,58.754344
-141.831992,58.437622
-141.729888,58.120482
-141.627186,57.803252
-141.521815,57.483653
-141.415634,57.16225
-141.308464,56.839132
-141.200698,56.51544
-141.091224,56.190276
-140.980016,55.863709
-140.867463,55.535342
-140.753316,55.206019
-140.639133,54.87848
-140.52039,54.549097
-140.400151,54.2186
-140.278593,53.887411
-140.15479,53.555025
-140.029355,53.222581
-139.900525,52.88971
-139.765243,52.549588
-139.631301,52.223708
-139.489752,51.886976
-139.344073,51.555861
-139.193568,51.225688
-139.0391,50.896602
-138.882829,50.573266
-138.720001,50.246694
-138.551759,49.92069
-138.37882,49.595408
-138.201735,49.272448
-138.021923,48.950845
-137.835135,48.630418
-137.644357,48.311482
-137.449146,47.992916
-137.250446,47.677609
-137.048542,47.364737
-136.825833,47.028428
-136.633068,46.743743
-136.422744,46.4373
-136.209758,46.129664
-135.99542,45.822701
-135.7801,45.516153
-135.563826,45.208467
-135.349141,44.901627
-135.133634,44.59433
-134.91752,44.286645
-134.701554,43.979606
-134.484995,43.67409
-134.268168,43.366879
-134.04998,43.060182
-133.830812,42.752672
-133.608677,42.440812
-133.394716,42.140433
-133.161829,41.815808
-132.94971,41.52226
-132.733892,41.224572
-132.513694,40.918352
-132.293889,40.611672
-132.074298,40.30496
-131.849909,39.990791
-131.631663,39.683465
-131.412711,39.375745
-131.19761,39.073749
-130.974649,38.761166
-130.755318,38.453503
-130.539121,38.152637
-130.318919,37.845127
-130.097722,37.536887
-129.876913,37.230646
-129.652986,36.925768
-129.426039,36.622157
-129.196885,36.320759
-128.968104,36.021877
-128.733606,35.723292
-128.491633,35.421404
-128.256487,35.131837
-128.016145,34.839178
-127.774015,34.547722
-127.529502,34.25786
-127.282512,33.969717
-127.035679,33.685931
-126.779687,33.395453
-126.531533,33.119151
-126.276503,32.838433
-126.019325,32.558503
-125.763174,32.281091
-125.504052,32.004835
-125.242585,31.730035
-124.981169,31.45843
-124.717718,31.186504
-124.453892,30.91503
-124.189028,30.644616
-123.922177,30.373716
-123.652017,30.100007
-123.390933,29.83646
-123.123588,29.56782
-122.856196,29.300205
-122.588535,29.033758
-122.320061,28.766886
-122.050793,28.500545
-121.780214,28.233407
-121.500533,27.958492
-121.240912,27.704593
-120.969386,27.441198
-120.69658,27.178506
-120.424726,26.918457
-120.151159,26.6572
-119.876443,26.397571
-119.603868,26.14257
-119.340973,25.89851
-119.067392,25.645943
-118.797516,25.399326
-118.525828,25.153371
-118.254372,24.910104
-117.980559,24.666508
-117.704453,24.425057
-117.426328,24.185101
-117.146132,23.944939
-116.866739,23.709263
-116.584822,23.473563
-116.301385,23.23911
-116.010616,23.000945
-115.72494,22.769932
-115.437127,22.539854
-115.147632,22.311115
-114.862776,22.087611
-114.570823,21.861443
-114.278177,21.636786
-113.983587,21.41325
-113.687194,21.190817
-113.390521,20.970967
-113.092437,20.750763
-112.794685,20.529691
-112.496862,20.307843
-112.199046,20.084591
-111.902475,19.862744
-111.60487,19.639933
-111.30637,19.417677
-111.006984,19.195692
-110.689373,18.963226
-110.40705,18.755509
-110.107127,18.533617
-109.806758,18.310149
-109.508225,18.087711
-109.209292,17.864595
-108.91561,17.64644
-108.609075,17.419642
-108.309406,17.199795
-108.008246,16.97799
-107.701886,16.750911
-107.401502,16.527431
-107.101574,16.302632
-106.80277,16.078878
-106.503211,15.854095
-106.203137,15.629066
-105.908879,15.409632
-105.608345,15.186228
-105.306669,14.963379
-105.004649,14.740322
-104.69668,14.511862
-104.401095,14.294197
-104.097667,14.073091
-103.792595,13.853744
-103.485582,13.635718
-103.179603,13.420221
-102.869921,13.20692
-102.559775,12.994066
-102.249159,12.781599
-101.938286,12.570325
-101.625884,12.360969
-101.311864,12.153728
-100.996124,11.94808
-100.674493,11.741164
-100.356541,11.540741
-100.042376,11.347873
-99.720811,11.15226
-99.398384,10.957624
-99.075287,10.764978
-98.750218,10.574876
-98.423092,10.386824
-98.095314,10.201631
-97.767441,10.017881
-97.436515,9.836679
-97.1042,9.65732
-96.769862,9.479598
-96.441919,9.306917
-96.123273,9.141519
-95.813712,8.982484
-95.511448,8.829542
-95.218877,8.684279
-94.930228,8.542369
-94.650283,8.407664
-94.378247,8.278413
-94.113929,8.154476
-93.854356,8.034642
-93.603606,7.920861
-93.359338,7.812887
-93.121722,7.709699
-92.890797,7.610996
-92.665349,7.516163
-92.446892,7.42648
-92.233829,7.340511
-92.026827,7.258387
-91.821753,7.17799
-91.630404,7.103937
-91.440466,7.031821
-91.241319,6.956756
-91.068984,6.89275
-90.877847,6.822541
-90.68213,6.750898
-90.480204,6.677858
-90.273071,6.603388
-90.061055,6.527397
-89.843895,6.449508
-89.623097,6.37043
-89.399276,6.291243
-89.171083,6.209498
-88.938485,6.126425
-88.701708,6.042049
-88.456113,5.954697
-88.216119,5.869186
-87.964234,5.77983
-87.716116,5.691506
-87.463002,5.601832
-87.205788,5.511302
-86.949907,5.421634
-86.685318,5.329248
-86.408611,5.234351
-86.149343,5.144584
-85.875709,5.050382
-85.598295,4.955753
-85.31699,4.860535
-85.033102,4.764838
-84.748982,4.670364
-84.460723,4.574527
-84.127832,4.465543
-83.873618,4.383475
-83.576714,4.28898
-83.27684,4.195597
-82.974375,4.100428
-82.669225,4.004506
-82.361357,3.908109
-82.051215,3.810815
-81.747078,3.716187
-81.427222,3.617799
-81.110707,3.522268
-80.791174,3.427558
-80.471225,3.335225
-80.148146,3.242056
-79.810103,3.14445
-79.496002,3.053992
-79.166247,2.958804
-78.830931,2.863142
-78.506374,2.770693
-78.172737,2.67731
-77.836661,2.584723
-77.500271,2.494224
-77.161256,2.403563
-76.820543,2.312643
-76.478127,2.221517
-76.133669,2.1296
-75.790359,2.038896
-75.444923,1.947461
-75.097702,1.856606
-74.748474,1.766161
-74.399998,1.6777
-74.048577,1.591154
-73.695684,1.505332
-73.341076,1.419775
-72.979025,1.332413
-72.631152,1.250209
-72.273938,1.167506
-71.907847,1.085149
-71.555492,1.007768
-71.194158,0.930978
-70.831635,0.854559
-70.467866,0.778561
-70.102075,0.702385
-69.738563,0.627779
-69.365572,0.551896
-69.005803,0.480503
-68.637039,0.408873
-68.269202,0.339428
-67.899182,0.271212
-67.528119,0.203839
-67.154898,0.137341
-66.783205,0.07194
-66.410439,0.009161
-66.035914,-0.051065
-65.659701,-0.108856
-65.284652,-0.163273
-64.907107,-0.216023
-64.528649,-0.266775
-64.14858,-0.315654
-63.768835,-0.363112
-63.388955,-0.407503
-63.00744,-0.448472
-62.624621,-0.486253
-62.242405,-0.520922
-61.858265,-0.552876
-61.473498,-0.582507
-61.08767,-0.61032
-60.701329,-0.636587
-60.315607,-0.660497
-59.928747,-0.681308
-59.540945,-0.69867
-59.153284,-0.713682
-58.764321,-0.72644
-58.374804,-0.737312
-57.984395,-0.746549
-57.593556,-0.754296
-57.195614,-0.760047
-56.812332,-0.762687
-56.420439,-0.762681
-56.021745,-0.761083
-55.636591,-0.756788
-55.243751,-0.75073
-54.850017,-0.742682
-54.456341,-0.732953
-54.062646,-0.721891
-53.668223,-0.709229
-53.273156,-0.695119
-52.87946,-0.680378
-52.483118,-0.663834
-52.087621,-0.647738
-51.690938,-0.630811
-51.295664,-0.613529
-50.908497,-0.595784
-50.504671,-0.577757
-50.100302,-0.558611
-49.707306,-0.539334
-49.317356,-0.519179
-48.912808,-0.499811
-48.515717,-0.480799
-48.125997,-0.462082
-47.727821,-0.443122
-47.329333,-0.424489
-46.930577,-0.406165
-46.531395,-0.388019
-46.123781,-0.369851
-45.723732,-0.352698
-45.323253,-0.336538
-44.922354,-0.321633
-44.521038,-0.308195
-44.12736,-0.296491
-43.725266,-0.286182
-43.322808,-0.277683
-42.920017,-0.271536
-42.508844,-0.268314
-42.113529,-0.268691
-41.709888,-0.273018
-41.305993,-0.28152
-40.90187,-0.294386
-40.497536,-0.311486
-40.092964,-0.332134
-39.688137,-0.355047
-39.283055,-0.37913
-38.877705,-0.403728
-38.47208,-0.428478
-38.066179,-0.453184
-37.660005,-0.477771
-37.253566,-0.502217
-36.84687,-0.526526
-36.43992,-0.550598
-36.032712,-0.574233
-35.625246,-0.597288
-35.217524,-0.619691
-34.809554,-0.641411
-34.40134,-0.662428
-33.992894,-0.682847
-33.584237,-0.702929
-33.175383,-0.722833
-32.766345,-0.742668
-32.348944,-0.762884
-31.947746,-0.782322
-31.538199,-0.802177
-31.128493,-0.822048
-30.718632,-0.841926
-30.308622,-0.861812
-29.898467,-0.881705
-29.479965,-0.902002
-29.069532,-0.921909
-28.658967,-0.941821
-28.256489,-0.961342
-27.845699,-0.981265
-27.435107,-1.001179
-27.0248,-1.021079
-26.61477,-1.040966
-26.205006,-1.060839
-25.770939,-1.081892
-25.386248,-1.10055
-24.977237,-1.120387
-24.568462,-1.140214
-24.159915,-1.160029
-23.751589,-1.179834
-23.343476,-1.199627
-22.935572,-1.219412
-22.527868,-1.239186
-22.120358,-1.258952
-21.713038,-1.278708
-21.3059,-1.298455
-20.898938,-1.318194
-20.492149,-1.337924
-20.077394,-1.358042
-19.671711,-1.377717
-19.283675,-1.39654
-18.899738,-1.415184
-18.527567,-1.433326
-18.166795,-1.451009
-17.817066,-1.468234
-17.47136,-1.485319
-17.149364,-1.501274
-16.830733,-1.517105
-16.521828,-1.532501
-16.203708,-1.548398
-15.921068,-1.562541
-15.617333,-1.5777
-15.31054,-1.592849
-15.00078,-1.607884
-14.688141,-1.622702
-14.372708,-1.637179
-14.054565,-1.651148
-13.73379,-1.664388
-13.410461,-1.676608
-13.084655,-1.687439
-12.756436,-1.696611
-12.42588,-1.703977
-12.093071,-1.709369
-11.758055,-1.712846
-11.420903,-1.714947
-11.081709,-1.716294
-10.740555,-1.717259
-10.397501,-1.718082
-10.052571,-1.718884
-9.705931,-1.719549
-9.357948,-1.720577
-9.008272,-1.721776
-8.656992,-1.723002
-8.304353,-1.724188
-7.950512,-1.725434
-7.594871,-1.726758
-7.238123,-1.728134
-6.880072,-1.729657
-6.4991,-1.731331
-6.152849,-1.732907
-5.798223,-1.73454
-5.435189,-1.736229
-5.071009,-1.737951
